,Attribute,Utility,Importance
3,Ticket Price,2.6616000000000004,60.29126279569697
2,Ticket Location,2.4748599999999996,56.06117923149932
1,Promo Item,0.8099999999999999,18.348332906715715
0,Number of Games,0.79663,18.045472152440666
